Video_ID,Negative,Neutral,Positive
-B5ebucZ69s,0.19638797435909505,0.3654236687855287,0.4381883565336466
-G-DByczbWA,0.2667965972640862,0.3357104480266571,0.3974929529552658
-SLaZd2f_mI,0.3069850083409064,0.3751185920962191,0.31789640031129746
-T0MGehwWvE,0.08904099885590502,0.22795260325074193,0.683006393989282
-VDPP4W-4kg,0.12073189157738601,0.3278013523668051,0.5514667587862774
-duJtlw394U,0.15798175243167753,0.37795463872744756,0.46406361383988576
-hlRB2izres,0.33959912175778295,0.34778234697878363,0.3126185406930745
-hlwlML6pEg,0.1805727025901433,0.47027501966804264,0.3491522818570956
-ksYAeyqZrQ,0.1375917444238439,0.36971851363778113,0.4926897298544645
00D_hw9w9Ms,0.0922370635574528,0.3109569236791382,0.5968060058852037
01q2odQRpnc,0.1825085431337356,0.6713590621948242,0.14613237604498858
0208nuGPmZw,0.25976494409573764,0.5045641775314624,0.23567088639650205
06NjUndabQY,0.15861504501663143,0.29239921458065504,0.5489857271313667
0FnhqvxzA-k,0.11718753209182367,0.21642498951405284,0.6663874785105387
0IxaD8QwKTs,0.2636577257199876,0.3707772303309481,0.3655650428480516
0O2yTG3n1Vc,0.2753721110559269,0.4050571339971879,0.3195707512033336
0SFvMB-TImQ,0.3643249818929829,0.30874091329482883,0.326934091710987
0X4BgvvTSug,0.1582640603650361,0.2720027729868889,0.5697331542770068
0ei57YCKUCQ,0.1942206334298182,0.29717756798000705,0.5086017993621921
0wUjROE3usw,0.18141804801901643,0.38887066991689306,0.42971126969981316
11OQcqP4JDc,0.161887879949063,0.3314435612410307,0.5066685726245245
16lLk7se39Y,0.16293722300828,0.3302283940987812,0.5068343844566796
16w6qzwN_3Q,0.06487708148160112,0.2702039612179741,0.6649189596163466
1Dw5gGsy2QM,0.08706756298779506,0.31497575389221305,0.5979566853493452
1EIlcYCfEIE,0.3577951959926974,0.38368218236348844,0.2585226187736473
1I3dKEriVl8,0.20091829681041415,0.4646725048078224,0.33440919779241085
1KEtxTQUzxY,0.11887124264930286,0.32748449077321723,0.5536442717367952
1MnXU-3TwaQ,0.2171050650067627,0.3321658421636504,0.45072910233455543
1OHZTFseggA,0.09500940741323255,0.3900158343755681,0.5149747628880583
1ThO140eQY4,0.2618578367375743,0.3669753730221576,0.3711667929939624
1aBvGJHetUM,0.4868621377618578,0.3240385039345077,0.18909935495289767
1arS0zAyJWM,0.1573387777999691,0.3772991897295351,0.46536203570987866
1iuaVRIhe5c,0.0093763759359717,0.4613792300224304,0.5292444229125977
1mHI2sA3KGI,0.1866928147472685,0.3593619135742793,0.4539452694417512
1rJa-0YOkwk,0.24441522231791166,0.29628565248388505,0.45929914197096455
20sbEESeTSI,0.2478977835999103,0.412752534262836,0.3393496777280233
25vQ1YcBZZs,0.26506472503145534,0.3382836083571115,0.3966516616443793
2s2SZb83jyo,0.23390663415193555,0.25369022041559214,0.5124031454324722
2uvFqjsbemY,0.028857196037493153,0.22139838480335822,0.7497444152832031
3GeMrr7rhbo,0.07498175366781648,0.3934019035100937,0.5316163438558579
3N5MlZg_Cdg,0.18066156544507692,0.2744953904587489,0.5448430522989768
3Ouu9OqfTk0,0.8307479619979858,0.13025197386741635,0.0389999914914369
3enpjstERmE,0.08141314842214338,0.40269458806142205,0.51589226257056
3fjj8bmPk1M,0.17512594663497544,0.32876224297544226,0.4961118155523487
40zn4odfxyc,0.22666331442922133,0.3981703791548224,0.37516630123205047
49JBYSv3Nig,0.27765714454775053,0.3970574250927678,0.325285424236898
4Gh17DmQ6n8,0.3345850681265195,0.29955733319123584,0.36585759619871777
4L_psS1MVk8,0.14834828231552682,0.3954034712579515,0.4562482526180921
4LeBTYpfgS4,0.12955722358310592,0.24499501134268936,0.6254477638751268
4MbshUkkA38,0.056117010846113126,0.3353218386570613,0.6085611656308174
4P0z7kM5edg,0.12472750608188406,0.21258320485552148,0.6626892870292067
4QJq2h8tCv8,0.1582756609874492,0.3004157033425812,0.5413086293075158
4RLkkVMVHj4,0.4068454605025741,0.40438895261822605,0.18876558268824825
4RcThoRG46c,0.23799492080949922,0.3092319456013766,0.4527731297961013
4Wg-RQpcpUU,0.18050607918009445,0.40327269225739515,0.41622123709664893
4cKv7mXVQbU,0.11337939292258978,0.3179059946643455,0.5687146142923406
4dHR36DDVE8,0.1577903777360916,0.6351436972618103,0.2070659697055816
4eeZWTqq5VE,0.23981227811712483,0.36032969705187357,0.39985801218650663
4maJty0vQjI,0.2522847121270994,0.4600929548343023,0.2876223396509886
4qWR-YCgysQ,0.1696183085441589,0.27386619771520293,0.5565154974659283
4reoY0cLGR4,0.1663522967379928,0.2681053595927854,0.5655423299176618
4t1GdI9UsEI,0.16279767047510374,0.3149617209823595,0.5222406009626057
53kr_dvof1w,0.18015572272849323,0.41174406231361993,0.4081002185691376
55frjPFWh18,0.07811536626624205,0.3663527037770975,0.5555319239695867
56uCjW56HWI,0.21799938112497327,0.3732801052927971,0.40872050262987614
5FdDUrHl5RE,0.1786541824357731,0.39133939676378904,0.43000642533757183
5LAmDKf0mlY,0.368717888991038,0.4662240743637085,0.16505802174409226
5MhRZp2uunc,0.23237945267662277,0.3401109695876554,0.42750958009165224
5OSUEDd4HHc,0.24753984207569876,0.3853068913959089,0.36715327342361453
5rSbsPBlng8,0.23583173384582715,0.3848617166869624,0.3793065524019966
5t1okmz8Pyw,0.298999743827153,0.3156244456768036,0.3853758006589487
62Z6wXpL4_M,0.02036274914280507,0.2401658745948225,0.739471378736198
63EVXf_S4WQ,0.055781400489524485,0.3125064105823122,0.6317121807871193
65ciAONXv0M,0.16775216988411124,0.3355397110092727,0.4967081241090508
67hVZOJDFxQ,0.07797115330079876,0.347654265894865,0.5743745711321632
69dCWRvIzyo,0.3147023827483763,0.3593131119043243,0.3259845006906864
6JgwdYIHubA,0.053376486391893414,0.1879704767572028,0.758653037959621
6_3cLlSlTKw,0.10768968540709462,0.22781245987862345,0.6644978452473879
6jVUSsByq9Y,0.1418416728162103,0.20526113644656205,0.6528971948350469
6uyI6s4XJLw,0.0018941763555631,0.0629232823848724,0.9351825714111328
6x0VY-3nzZk,0.15738877402119603,0.3293897027948073,0.5132215280484941
6xsZYt5RZMM,0.17000888843167883,0.3370097187762878,0.49298139046653205
6y-GZp_UUUo,0.04545285180211064,0.295905793706576,0.6586413184801737
6yXPltBN7q0,0.0122083527967333,0.100632220506668,0.8871594667434692
703xkthDZfw,0.1868011300684884,0.3416531815504034,0.4715456912914912
70xfO8_7rcw,0.13577823665444597,0.4523717117580501,0.41185004286693805
71jBX5N3wcM,0.16899872515932654,0.2916915997241934,0.5393096782887975
74J0uiZk29k,0.2024926528334617,0.4141274869441986,0.3833798781037331
74Lj5cHseI8,0.17113354702014472,0.33259014748036864,0.4962763039022684
7DfXKkvjW-E,0.11202764715999361,0.2557599905878305,0.6322123612742871
7InMuwT8gdg,0.10690569486247282,0.42136750370264053,0.4717268007142203
7LGuglDdliw,0.2570600502588552,0.39623287628189874,0.3467070706294581
7V4xoL96HKU,0.23083518769375844,0.23792672227136788,0.5312380893488547
7a0UGHvxrLw,0.11042812313164835,0.34335701840675686,0.5462148497727785
7bU6IEUaTCg,0.30019431481047193,0.4165149331707569,0.2832907515104626
7c5alALk4CM,0.11069756246318938,0.3270925293235402,0.5622099159579528
7inhRWxQMFk,0.39094773754054174,0.43718292530287395,0.1718693285841833
7k3oG5xgQmc,0.3278924388714914,0.4010230849261384,0.2710844764495773
7qmL3NdDEb0,0.23091122319921847,0.4092815338075161,0.3598072576150298
7qoUAP0BYi0,0.03581653694765494,0.23069760189033464,0.7334858500040494
7wHTu6S5e0g,0.14004017314051878,0.3366372331100352,0.5233226072262315
82jYblR16QM,0.2882504469404618,0.3647519002358119,0.3469976683457692
86Gy035z_KA,0.13256021816644586,0.24976585489906822,0.6176739296476755
8BxVi6YiicQ,0.14723660685454626,0.3492418522281306,0.503521536144295
8CikBtgorWE,0.10307726835389236,0.25717911673862426,0.639743616896086
8HdCSudw4hI,0.18348593052602757,0.3818617380456999,0.43465232790913433
8KdVchxBVgs,0.2480072337867958,0.4752062601702554,0.27678650386986275
8L5Iz9t6g_A,0.37674010296662647,0.46884165207544964,0.15441829711198804
8Lb9023_D0A,0.14442611087636065,0.2824177305872847,0.5731561647319212
8URpq4N8AD8,0.2014347879343073,0.372084529012103,0.42648069035600533
8Vk_2Kq9Njw,0.5213478191474837,0.3072857110509797,0.17136645908393555
8p-hK56jc14,0.1148171747550613,0.34063036754531295,0.5445524552150777
8pvfTl21soM,0.25714943982713573,0.4172382699565712,0.32561229014188314
8reaJG7z-is,0.13492842864555613,0.4008331756728391,0.4642383962248762
8wM5N8u95c4,0.38628367086251575,0.5044921139876047,0.1092241927981376
9-Ce7_jbMjo,0.18387733856004404,0.3478919898413799,0.46823068081655284
9HQx5pgUoiY,0.01985881315956173,0.144610885100869,0.8355303166004328
9dncyekT9d4,0.2037905485421005,0.37077590907682423,0.42543353885412216
9ffo2jOckN8,0.14017977773619347,0.3897332069464028,0.47008703276515007
9lnrt43Ta7o,0.024892581161111548,0.2011996433138847,0.7739077806472778
9lx11dy9J30,0.09286497967824445,0.28020593222668944,0.6269290969049668
A2T24AWv2H4,0.04540078933840906,0.19427867949401073,0.760320539537229
A8t0b0auTDs,0.22932394373199855,0.3979021920661988,0.3727738648885861
AClfhmJYyNc,0.16799525711976454,0.29905479252338407,0.5329499553481583
AJrWvhtAW9I,0.2301949858665466,0.5382350534200668,0.23156996071338648
ANixUoqDznU,0.1290000080533156,0.3555967469107021,0.5154032446444035
AQXq9XLVGCs,0.05932821754742265,0.2928968362796765,0.6477749462311084
AfzwEF5yr3k,0.25618443174753336,0.3294269121252,0.4143886502715759
AjUQkkT4WFg,0.27819225546930854,0.40538372220681124,0.3164240220940441
Al93JD5GExY,0.2811233119643998,0.43600731026945694,0.2828693796852321
Am-cx8yzk0A,0.03316934422632167,0.20040816428478464,0.766422505180041
ArcI4A5nvBo,0.08164075271483379,0.25521976397982954,0.6631394821251261
Ay9RL5YQViA,0.44785377442012314,0.3249402572019178,0.2272059707635189
B-d97ZrAJZ0,0.10727036137541286,0.24584669223986563,0.6468829410150647
B3szaVzQx0o,0.06378131278324868,0.28894622903317213,0.6472724606283009
B8ocYx5_64o,0.13870969936251637,0.3345615562796593,0.5267287614941597
BEpvMHqNHJY,0.325921442023375,0.34096050096882713,0.33311805218734125
BH45hWntkq4,0.4259712789290851,0.4023451194433229,0.1716835975114788
Bba4_cB1A-4,0.15954047414318964,0.27670364935571945,0.5637558709519604
Be6H_UiQyUA,0.1925750985752702,0.30005056118326523,0.5073743249245343
Bhew95wMmP8,0.2824261444393636,0.289030711461858,0.4285431461772177
BiZcyJPoDy0,0.3063027476186328,0.3384409692477096,0.35525628389564873
Bk5z9MCjEhk,0.019398857839405502,0.1276816120371222,0.8529195189476013
BqvtFfkbQxs,0.06468282890615652,0.3117101598695358,0.6236070117310566
Bs49F56ITDM,0.1030556762658913,0.20954471259998775,0.6873996113426983
BtX5SAte3GI,0.15162589018698777,0.330782463606447,0.517591644152999
Bu6PxzNR3dY,0.27514254235692565,0.4402404393880598,0.2846170113452019
Bx0RwRR7smY,0.13688444346189496,0.5562413185834885,0.30687421932816505
C0bEew9dqNs,0.09022176320860646,0.30333907216003064,0.6064391661631433
CA1nuuqSisA,0.11176300421357155,0.3901924639940262,0.49804452061653137
CToL2qkCd8g,0.06793770194053646,0.40570423007011414,0.5263580530881882
CZ4Zm-_ERZI,0.30789377912878985,0.32016437500715256,0.3719418831169605
CaqKttHsXuk,0.1272635102504864,0.37220778403182825,0.500528705244263
CbZNoA-Yte8,0.09586344537092367,0.24439521990716453,0.6597413409501314
CcHevgjAnV0,0.16556943928410942,0.3764338242427374,0.45799673799998486
CjWfgSrwrz0,0.12532146461308,0.4612424001097679,0.4134361346562703
Co_iDiaQJO0,0.31861572929968435,0.39759035781025887,0.2837938812250892
CpCZNCm5zgw,0.1454975325835957,0.27563622614945327,0.5788662363775074
Cq1sQmFJBF0,0.09728653014947963,0.5642235279083252,0.33848995963732403
Cq3hCt4jJQ4,0.16026499417550377,0.3841354434769,0.45559955989160844
Cse0llaDAHQ,0.34037347231060266,0.27459846436977386,0.3850280493497848
Ct2zo1cuzPQ,0.1265637464821338,0.7779006063938141,0.09553561732172966
D7WI0pv8-FQ,0.231125578027347,0.3323179402484976,0.43655647584718876
DC-Xn2C_L1U,0.14427829754483226,0.4765602165638511,0.3791614893490253
DCu6xpJeqkE,0.016267506793762234,0.1614276605347792,0.8223048647244772
DF41C7zT9P0,0.1808204518926616,0.28111985451183635,0.5380597045251096
DM2vX8Ks93E,0.07186097841967187,0.31259862916838177,0.6155404028923888
DNfj2BxGIxA,0.25081538803856435,0.3639943993137199,0.3851902105332333
DPdzMd9MWaI,0.10530742819077869,0.43503804681332486,0.4596545213931485
DVfB_0s470I,0.28201657615749065,0.3318996185338811,0.38608380774722284
DWYFfzHFtM8,0.16574700114030674,0.3648685338692023,0.4693844620711528
DZRUk6SV4vU,0.10415029540416539,0.1892658710065815,0.7065838274235526
DbYTqsGHIao,0.0757562473269277,0.22283380885461437,0.7014099428136098
DhISPQFRnDU,0.23736682382193117,0.40157204687449277,0.3610611311799171
DkiRo3gzbvM,0.21866590717735768,0.3363795099923244,0.4449545754692875
DoQT5i9Iz84,0.11276702112723686,0.4470250543535632,0.4402079335687792
DyEgh-kkkAA,0.2484235404990613,0.280209444463253,0.47136701643466944
E76CUtSHMrU,0.06376447772241325,0.20399147839218906,0.7322440494650176
EE7bed5vD0Y,0.1485979030581398,0.2921689436253574,0.5592331435117457
EFiHm6WjhNA,0.20641745231114322,0.3558854676666669,0.4376970751909539
EGkGRs6YhoM,0.10882277665254858,0.3192665837300212,0.5719106358516476
EHNuwI74zew,0.32861481266232523,0.34480939180840076,0.3265757935246589
ESyiQ0tfqFQ,0.2088147222966654,0.33654490043409163,0.4546403879649006
EaRWEEXMXEA,0.24084810912609095,0.47333773970603943,0.2858141958713531
EefvOLKoXdg,0.3071304648827126,0.4091837118286939,0.2836858215973895
EiVq_eHqK3U,0.27198703273066455,0.4421614108341081,0.28585154863872697
F0lHIMxoZEw,0.12577154065027482,0.2714614138267068,0.6027670462810716
F3UY9-k81wY,0.19465532182853237,0.4014903430933835,0.4038543433989169
F5GdBLqO4yw,0.20918997087472568,0.326477708078401,0.4643323186373468
F7cpY49rzTY,0.2619072970805634,0.37383621819476204,0.3642564856919891
FBQVPOSeRe8,0.29051876383919595,0.39414051815179313,0.3153407189425579
FV8SR1fAnzU,0.06860338217977963,0.28054672466324904,0.6508498936891556
FVwV5BxJ8M4,0.13414604750122064,0.3720479802656415,0.4938059787492494
Fbphhg9ArXw,0.14217701040777475,0.30920417389522,0.5486188220481077
Fd57NOavMWs,0.24923471647226025,0.3053969260305166,0.4453683569229075
Fflz9ndW3nM,0.03733322840222774,0.218169803575923,0.7444969744731983
FglPnj1eu2o,0.21431440200346208,0.38094595695535344,0.4047396265798145
Fk828QaMogs,0.2016238215594337,0.40027942126378036,0.39809675304553443
Fqxb3aquvm8,0.18776894302573052,0.37137891398742795,0.44085215171799064
FwdDAZruMKk,0.2603545238229411,0.41707278622521293,0.3225726801902056
FyeCn7HlLck,0.26231303100008513,0.43229382768273356,0.30539314597845074
G0eKzU_fV00,0.08293731545563783,0.3510307506436393,0.5660319326534158
G1aI7G9jevw,0.11097162053920323,0.3435110976505611,0.5455172827674283
G2tYxHT-EkA,0.284443977044831,0.40712711897775017,0.3084289046807278
G4Pw8n9GCqM,0.10252024338115003,0.2317338781803846,0.6657458890974521
G9JRFclaYD0,0.09008734446780921,0.2971550822257995,0.6127575720575723
GHYg8cmUiKM,0.1796470423636492,0.3608055324293673,0.45954742478206756
GKPSAUzczO8,0.295861353473534,0.4192982523976761,0.2848403920056856
GQAvce3MA44,0.15815821599455607,0.42927780092483564,0.41256399212345
GQkkHtBD1BM,0.0068644464481621495,0.21652263589203355,0.7766129076480865
GRB8jEQzz6o,0.22894157092200543,0.37787663945701067,0.3931817910633981
GS35VHEfFDU,0.15641696193155696,0.33751922523203703,0.506063823554931
GbyOPPXbxQI,0.11371296799431241,0.3860636924703916,0.500223383307457
Gc2YPi00V94,0.14135162068996573,0.3121620275080204,0.5464863553643227
GdFIjsMfSc8,0.21231806241363904,0.34844150008367636,0.43924043771056903
GdQ5bClEgHg,0.19673095952236538,0.4018818326294422,0.40138719917309507
GqCwLjhb4YY,0.12491677488343643,0.3913454989401194,0.4837377287734013
GuO8IURklD4,0.11045761931260734,0.24734714239214853,0.6421952483554682
H8ezduZKVfs,0.03238905514907933,0.26535417190329597,0.7022567804564129
HAQNn6y8Lz0,0.16451509236746154,0.35742020265509683,0.47806471058477956
HEbaKDkzomI,0.2808578689241918,0.39086847052705,0.32827365232586136
HJTjqG_9rzo,0.04198961020235645,0.1926826835101978,0.7653277055783705
HLi2xYxZX10,0.08343526104894965,0.3861956256799973,0.5303691069667156
HN-WH7C4K0Q,0.10015330434237653,0.2813198091952424,0.6185268904817732
HcPjineZdqQ,0.35279198295690795,0.3716148215938698,0.2755931955338879
Hd-k7VkpE94,0.0297895402181893,0.5026274174451828,0.467583030462265
HgqpFKiMz-I,0.17637394173329485,0.31666120736756254,0.506964857560686
HhmloI9Kcs8,0.16338464557775292,0.29740440100431437,0.5392109674401582
HoL6tUJSwvI,0.1575968169048428,0.3269519400596619,0.5154512432217598
HtbywVZSlkI,0.2583624394700074,0.27113653475848526,0.47050102171488106
HvoBci_GC8A,0.21754024571628638,0.34921840434672974,0.433241342273304
HwaIuAwHxRk,0.05926648001574594,0.2470706577102343,0.6936628594994545
I6SvsYgmMSU,0.8405964573224386,0.14609586074948308,0.0133076776595165
IA9LlfQ9X-Q,0.20942902185439982,0.32394420351677883,0.4666267799232931
IDwudJjH5u0,0.12958399206399912,0.3107791244983673,0.5596369057893753
IOB3ilwdWpg,0.0033866725862026,0.05222684393326434,0.9443864623705546
IYnwPbKsVKA,0.19622993185475932,0.37963301306590436,0.4241370541974902
IZxPuVn8fGo,0.15321205818973893,0.3199833246568839,0.5268046284715334
Ir1xi2zeuug,0.05380473515510348,0.26943123454435,0.6767640287677447
IsRViF79AzU,0.20623975315538698,0.26419492647983134,0.5295653216307983
J2SvnnVBDk0,0.3184982427879718,0.40239589062751335,0.2791058668004674
J4aRcs66Nlo,0.10930725296449686,0.26513663380635233,0.6255561157639297
J9-9fP_pcEc,0.155768474533205,0.30947331293433344,0.5347582107796421
JIFSUV3WF8M,0.27388922884469713,0.4038360707666271,0.3222746993994295
JbUIWFu3coM,0.0987686868757009,0.24766664206981656,0.6535646319389343
Jl1-bmN1b8o,0.19880824778228995,0.28389152797559897,0.5173002344866594
JnJw54oyfLE,0.04756843541690609,0.17871310375630853,0.773718454875052
K4oPpnAEvz8,0.2895489762959965,0.36941974641998526,0.34103127626395074
K6Cr73w8CJE,0.0876287773384579,0.28665216852511677,0.6257190480828285
KDIXNRgnDWQ,0.23973727389382937,0.3752996159008136,0.38496311209034806
KIaBGBuyOaU,0.05297867598181417,0.379150916737589,0.5678704204884443
KdyP-y1-gwc,0.2084640532266348,0.4865676321089268,0.3049683297052979
Kk65BbRnzUc,0.11025501920812528,0.17901450628414745,0.710730466642417
KkJ2RztcrhU,0.16961988736875352,0.25630213590017675,0.574077968068164
KtSabkVT8y4,0.30226740370873423,0.4096532720533524,0.28807932219999116
L190UWL934c,0.08496287887842921,0.2861589751772436,0.6288781481630662
L2f9NelGx8M,0.2944759018719196,0.4892909328142802,0.21623312681913376
LCpm7cNQ5Vo,0.13713560713785547,0.257178193559089,0.6056862126795515
LEfywPo0hRQ,0.06516548971344222,0.28043872348087673,0.6543957652414546
LWEDJ_YgEaA,0.09868593457620585,0.27133622534573076,0.6299778397940099
LZYfSYXY-go,0.01152650266885755,0.16600186005234716,0.8224716186523438
LbQIjt8wjJM,0.16710005141794676,0.280324213206768,0.5525757893919945
LdlLUogNYMw,0.1496907087526272,0.3051025634985181,0.5452067319958035
LfpXMuMvcWQ,0.1230614377709571,0.33585758165766794,0.5410809813636459
LmF2-p8aL10,0.2986329353064488,0.41604089109927034,0.28532617842440433
LnxLK6swKEE,0.11083316495792277,0.23166069757914348,0.6575061302752264
LoPfkaSKIVo,0.4401249410796233,0.3634365126490593,0.19643855217674913
MRtg6A1f2Ko,0.15868965912008337,0.28721274662672014,0.5540975871972922
MUMDOGNJkyk,0.2015366845902193,0.3932165466248989,0.4052467823407992
MV1qaFv4VUg,0.09184403017362841,0.4848693063748734,0.4232866497976439
McRkeActwxU,0.2413322669727837,0.27747817797695884,0.48118954851273815
MfhRUoF33aQ,0.04216507665502523,0.2633921394745508,0.6944427713751793
N11x5t0jE1w,0.16010412822167078,0.5907627542813619,0.2491331150134404
N1VC2SiUaz0,0.2197031038458985,0.258112884329065,0.5221840314891028
N43mwATceXc,0.265928281768193,0.2494431722523837,0.4846285303476556
N68lDsSxEFc,0.20472801334108223,0.42182635034744936,0.37344563178097206
N7RADe2i7rw,0.04063724447041745,0.660598874092102,0.29876393079757685
N9KDIXoxi3E,0.15723802073538967,0.3698800379938599,0.4728819330904021
NAOOZ48BqbY,0.25404007550664676,0.3893470605185559,0.3566128594021118
NH2BBt3pNG8,0.003929044585675,0.0331816039979457,0.9628893136978148
NHj169rOaOk,0.05475913098780435,0.35695913434028625,0.5882817273959517
NLObZZxSFoE,0.2452296498721759,0.4301496557891369,0.32462069451024655
NM4YVUYjTx8,0.17405911484383974,0.3789236177690327,0.4470172643428668
NQBpb_9XyTs,0.21871851609088477,0.3101201857626438,0.4711612957715988
NXpdyAWLDas,0.2510939367639366,0.35477222913565737,0.3941338338578741
N_egawBqrAo,0.12923484531083054,0.36967676746743644,0.5010883855548772
NiylCw0LbCo,0.27251930020587595,0.1796660818483518,0.547814619484479
NslVcXENSV4,0.0720453956164419,0.4967690606911977,0.4311855435371399
O0cs8aIXgkc,0.17509864272478104,0.3700927924364805,0.45480857360570764
O7leJvhJqG8,0.20952907185225433,0.34541198714739746,0.44505894397971807
OD445Mp_Mp8,0.3244662311689525,0.3680436617216548,0.3074901095981634
OLz3f_Ksgmw,0.13679898289821876,0.25651764958772966,0.6066833650288375
OPM4F_Fva4k,0.011179382524763498,0.1304961740970611,0.8583244482676188
OPckpjBSAOw,0.36061702332171125,0.4401801067980982,0.1992028676682994
OPoWMXqq62Q,0.3159609205960746,0.4196623367888312,0.26437675027597335
OQSaDL7DHhs,0.010947668924927665,0.35277185092369717,0.6362804571787516
OTDz9so9bF0,0.01233389182016245,0.09669064357876775,0.8909755051136017
OY2x0TyKzIQ,0.18481327545048448,0.387009362306665,0.42817736362271447
Oc6ID1tvFNw,0.09968051322503012,0.30240889396518467,0.5979105997830629
Ogb9_9lWa5k,0.22549144376429325,0.40454609367739536,0.3699624630024221
OjxljuS7wY0,0.11671010866008981,0.26625289266499186,0.6170369954063342
OnVUXC9Fou4,0.24543980389211237,0.39979802225145944,0.35476216979582187
Os0Yo4g-Ezw,0.257726920985791,0.3892450024597129,0.35302807436507105
P6B_uE-mYDQ,0.0372309113542238,0.4442763974269231,0.518492673834165
P6rH5b479qw,0.3946446946072506,0.3875844752098002,0.2177708356800239
P9oR59K5iY8,0.1994441183269373,0.41944232233799994,0.38111356890294695
PHcDrXeyguM,0.08273676511210695,0.24763274503250912,0.6696304866561184
PSHyaT6_KU8,0.16589435536469163,0.3366613889058284,0.4974442556610002
PcnWneULGAQ,0.16888764491808167,0.3800180402357836,0.45109431838264336
PdLEi6b4_PI,0.2821482764888373,0.3844108631143744,0.3334408580641217
Pf9KXfo5R18,0.050853517527381535,0.3458822766939799,0.6032642126083374
Pk5FwsZB7L0,0.11453444788057818,0.365136975236237,0.5203285709023475
PtgElT4pK_o,0.138773875311017,0.6562600334485372,0.20496611545483268
PwItjOtCsOU,0.0850339778366365,0.235918458462471,0.6790475685681615
Q-ucP6W1K4Y,0.20650976090455203,0.36537624103159216,0.42811400224691476
Q9CMfm-lkds,0.05920172292231154,0.29460388676009397,0.6461944065310739
QOU8w5h3sbo,0.20416134581901133,0.42297722920775416,0.3728614147752523
QOVY7_dO6Yg,0.023754464078228878,0.27018472570925944,0.706060814857483
QZIdam3snHY,0.2755373373162001,0.3495390556752681,0.37492362367920573
Qju1aITk_WY,0.15087663572311638,0.43279445748175344,0.41632890947643786
Qr0Xvw9cjCU,0.13860697735799474,0.24744270765222606,0.613950312952511
QsM6b5yix0U,0.17644324708221984,0.3132659288292581,0.5102908279408108
QvtIVuG0-XQ,0.09829342254023582,0.3995688947745495,0.5021376982331276
QztFpzKsdeA,0.35755338528866154,0.3752679430224277,0.2671786680369189
R83W2XR3IC8,0.23426131299412287,0.3890021152069999,0.3767365720640454
RE0f4ed5N24,0.20164824498019046,0.40122131534985134,0.39713044738663095
RRibM1yBZK4,0.10628992790842182,0.3193482065006442,0.5743618714420692
RTGgZGd1d1g,0.00248478259891265,0.09799568634480235,0.89951953291893
RY6_RP3M_pQ,0.1829116594822456,0.3866837598383427,0.4304045755830076
RYeb4C_zyro,0.285282191343646,0.407662529255385,0.30705527765676377
RaBdEp1Wec8,0.32494226427349654,0.34494204366845743,0.3301156938042757
RhaHf87Lu4g,0.1268036690442106,0.28917622014593614,0.5840201297631631
Rn4si0Xorhc,0.025657608173787566,0.37345720330874127,0.6008851826190948
RqQ8SQqjlGk,0.08616726834292485,0.3456654025034772,0.5681673407002732
RyeRBwVK3tM,0.2277973889446768,0.294095616689638,0.4781070094506599
RzTVIm3_0Wo,0.0323236286640167,0.5800702571868896,0.387606143951416
S-NbCPEgP1A,0.1726769103729368,0.34115190143980406,0.4861711947065171
S6qznDLlHRQ,0.05833356225630264,0.2656931640580296,0.6759732691571116
S9cmoZFJTD4,0.11298892704588875,0.27192342529694236,0.6150876437831256
SD8WJ7O1Q5M,0.031658705944816234,0.2375157065689563,0.7308255632718405
SIj7Z_04JDk,0.13762993738055224,0.6119767427444458,0.25039337575435633
SKIXCPn2xB0,0.18433788151014593,0.34638554718473863,0.46927657389435273
SQee0lCnWCU,0.3070051327813416,0.3580457395873964,0.33494913089089096
SS64mULXfhI,0.007553374084333534,0.13007565587759015,0.86237100760142
STpFf-cdCSM,0.14080796424326866,0.27179405635551496,0.5873979949940216
SV4F3v3TekU,0.12096708792325274,0.3050483471967957,0.5739845633506775
SaneSRqePVY,0.074190070896293,0.4690322265960276,0.456777710118331
Smz-gtyI8gg,0.161860522814095,0.5359674990177155,0.30217196792364115
SpTFs8r7pco,0.15976788968090777,0.44979102391263714,0.39044109181217523
T3KjeNHF8Y0,0.3548267675690691,0.3575129745189439,0.2876602554143491
T3hJhYElryg,0.29070449760183686,0.28947531331617093,0.41982020108172524
T4xAQGwpO10,0.19533015152831606,0.3357379820786024,0.46893186367263917
TLaY4sHpj7Q,0.06849527218844736,0.2721442375704646,0.6593605005741119
TLzqPQTzMfs,0.2882467530749921,0.4011524654900166,0.3106007788105514
TNZk-xnxIYE,0.16990791002395916,0.32202964935165185,0.5080624380005667
TOlIvcmrUFc,0.30617562828715456,0.38020421287348105,0.3136201528399143
TP2MOhLSE5U,0.15381781769414932,0.4030485497787594,0.44313363315394294
TRWzdAh6fJc,0.22177176456898445,0.3645656704902649,0.41366261243820185
TZHbIWXCalw,0.0195205265578503,0.2244474391142527,0.7560320397218069
TitZV6k8zfA,0.2977632534263345,0.35886018405047554,0.34337656628728536
Tma8lXlJ1Rk,0.1234989550709724,0.24547404542565343,0.6310270059108735
Tr7Hlk_cWno,0.10969119645533675,0.44105999171733856,0.4492488030506217
TuHOf_kZK6Q,0.2754953505407849,0.28156597247685894,0.44293866348876193
TvxnprPup5c,0.06942918466769953,0.44809286296367645,0.48247794514255865
TxoxXbc0Ros,0.08745570884853159,0.4229154983425842,0.48962878611157923
UDb8OIRQGTo,0.04835321738993602,0.1925418411309902,0.7591049504967836
UFV6wukB_Rg,0.27225974723696705,0.42497092969715594,0.3027693165000528
UKffsivi17Q,0.13757264013647244,0.3918877145961711,0.4705396557324811
UXhYlzkrsgY,0.15502658328928404,0.3135728864442734,0.5314005265633265
UZ-hwlKmAPc,0.18334645917639134,0.4599856148660183,0.35666791796684266
UcS-6p8OCfI,0.0213029384613037,0.4922837018966675,0.4864133596420288
UhpOR9j4hRk,0.07526321422595239,0.28590477960040933,0.6388320041677127
UrmVFtSSvE0,0.14632955486674534,0.26596722108396614,0.5877032186836004
UvAcc5JvLpQ,0.07437026618669426,0.3494473854700724,0.5761823385953904
V0r1lr-4_SQ,0.20658969293193266,0.32341176209350425,0.46999856354429936
V3BRspfCMCk,0.12108249274897384,0.33902536211535333,0.5398921512067318
V6hFsuMSL8s,0.15058756454259545,0.3743546836470303,0.47505774841594856
VEQAgOe9i6Y,0.20453043434290996,0.4419744108362417,0.35349516497042616
VRoTOE3FqT0,0.13470903852990324,0.36537330440030646,0.4999176561832428
VVnGvlO56As,0.21336499397116507,0.4026920528191587,0.38394293845023797
VZ4jwQ9o3UU,0.06118526840476654,0.3317267295311797,0.6070879870517687
VdOlqcg9uMQ,0.080397572601214,0.2798821710877948,0.6397202519906892
Vdll3kjkAJQ,0.09775447822175913,0.40246689319610596,0.4997786693274975
VjSxdMs0dcA,0.17677722383911407,0.26586342801650364,0.5573593565573295
W3-SjFWLPdk,0.0718658539311339,0.40710071722666413,0.5210334087411562
W3fR4EoUJMU,0.14278652108497103,0.39634728245437145,0.4608661903311377
W77-bYJTPwQ,0.12691746000200504,0.42492614686489105,0.4481563717126846
WER_dxRn5Bk,0.056856367116173034,0.37493275478482246,0.5682108700275421
WESkMex06n0,0.28403576463460917,0.5717673301696777,0.1441968977451324
WXV-zB3EfNw,0.4110570214783811,0.30415629394048327,0.2847866757525777
WdHF1x-jK4I,0.1669088692959541,0.2728002029112898,0.5602909355209424
Wgjd9uUpaD4,0.20899814913152814,0.3796905010110802,0.4113113408028666
WgwQDQD6dII,0.27658569693237783,0.4045542082528963,0.3188600916142225
WmPy8j79Bxg,0.23832100583240387,0.32227255396544935,0.4394064378552139
WnoOR5G0orU,0.01372905541211365,0.0844838693737983,0.9017870724201202
WpnLehvOM6E,0.19449184142285952,0.4973058527926119,0.30820230662640996
WqJhvUYLRzk,0.5327972582288845,0.3119227919664423,0.15527994518357688
WwjHonzRd4E,0.13102744261656574,0.36541224891940755,0.5035603066595892
X-mLLiCJdsQ,0.3498406929947022,0.37376146908435554,0.2763978363299328
X07t7403Q9Q,0.18661173327087324,0.3760878538777088,0.43730041386302687
X5OIucMnw7M,0.1383735187784103,0.30932369881442606,0.5523027667576181
X5qdaDgJxII,0.12178879878483709,0.33901388247807823,0.5391973157723745
XOwxbB9X6aQ,0.043064474593847935,0.3635403985778491,0.5933951437473297
XTXBjoR7xJU,0.0746046644635498,0.23137895762920374,0.6940164268016815
XXPjZwYY4z4,0.06348672687696906,0.4492204437653224,0.4872927901645501
XaqOejIaFgM,0.03158555326517666,0.25808564196340733,0.7103287912905216
XgurJ0ef57U,0.10203838192521486,0.2522848878676692,0.6456767320632935
XnkQKn67qzM,0.12537030950593556,0.3452715761959552,0.529358113427525
Xs0Exw7O7B0,0.296774932784344,0.4034308199533972,0.2997942470014095
Xzovlea-bVc,0.22001441055908796,0.34680804883440336,0.4331775352358818
YPGQEEsuvkA,0.1933744248623649,0.27260090410709376,0.534024678170681
YX8ks42Azn8,0.1885405476870281,0.3777608714465584,0.43369858658739496
Yhk74XTDs70,0.1209280926508226,0.33027805048314957,0.5487938509596622
YiRMs5ZhcH4,0.291597860784157,0.39165453228986624,0.3167476079172708
YjkEVrJP7jI,0.32596832285456073,0.36357073887036395,0.3104609256932655
YlBl2x_wnmM,0.2634884901344776,0.28912644088268274,0.4473850578069687
Yl_19rCQQB8,0.11939602281587815,0.29697198967138927,0.5836319933334987
YnSv8ylLfPw,0.12005185958554555,0.37699752110170154,0.5029506278110714
YnqHH41pSx8,0.10132841970771549,0.4539209182374179,0.44475065991282464
Yr-VGSvi8AI,0.14552002012108758,0.43529929717381793,0.4191806713740031
Yv_S7KrOlfk,0.14200046328672514,0.3481690927098195,0.5098304341857632
Z54jc75GyVM,0.34624956303310617,0.37668565771094076,0.27706476526886775
Z7Mkm1sbj90,0.2592079866601469,0.42281579305511235,0.3179762206483301
Z8WKR0VHfJw,0.23128844217651265,0.37035030617632647,0.3983612587167458
ZAGsaJTihMw,0.08588197967037556,0.24282114580273625,0.6712968796491623
ZD-6lLuxuVU,0.1462200548796152,0.34485919485715305,0.5089207501573996
ZD1mp-VCABk,0.10413663790804209,0.3592346976308719,0.5366286552794601
ZMqhE9r5JuI,0.36288032294916256,0.300944202269117,0.33617547820765703
ZpjDDZM562c,0.17237714764758427,0.2659827438664847,0.5616400966998832
ZrWfNrfflhA,0.1597005532123148,0.2879364204075601,0.5523630169634189
ZtYrfPXFjho,0.2990321162416983,0.38073330523227067,0.3202345786712077
ZvgZWqaranw,0.015894572638596033,0.17363648364941275,0.8104689518610636
ZxAiS2hdyqU,0.21413635645294557,0.3241640422493219,0.4616995997261256
_1809upo8wM,0.23810096366193004,0.34195593979071687,0.41994308632005145
_46OnnO0GLc,0.0107247706037014,0.1491068303585052,0.8401684165000916
_4Sz6J49jho,0.2507405499010487,0.33525187076266966,0.4140075827299645
_9prH7NFmLI,0.2298321871656096,0.4880913785762257,0.28207643149006695
_Ki4bS4V2gQ,0.21157653454804057,0.3357426827829896,0.45268078859556804
_ccxfkmD9Ws,0.0862817615270614,0.40213415026664734,0.5115841180086136
_q45HmRIM08,0.051202950925058215,0.29580755624920124,0.6529895138334144
_yT68xCgQUE,0.2953453142316348,0.40000983345811314,0.3046448505250122
a-eAVVtkxDA,0.2975302387903776,0.3996485434380351,0.30282121952876706
a7ItChBrY8E,0.03529509275540472,0.3093035022029653,0.6554014133289456
aG1mhPSJJS8,0.13055134358075562,0.3621211075820984,0.5073275461983986
aVUxxn53mBE,0.2656097213475732,0.4057565695256926,0.3286337088793516
acFI5NQEa0g,0.3017676919698715,0.5896118879318237,0.10862036421895024
ahdh1E1FvJk,0.2606348599057836,0.4183505037236044,0.3210146335944586
aj1DcLAlTGU,0.17719358234139884,0.2877608751473219,0.5350455434426017
apdZ7xmytiQ,0.4057309572817757,0.34970392333343625,0.24456511769676578
ar_lpz_VQ58,0.241362779777562,0.37781369187977426,0.38082352583838064
b-NRW6jLaj0,0.14893815697481233,0.514550526936849,0.3365113139152527
b3RD1gE-h9Q,0.1913827763443502,0.2674228542018681,0.5411943740521868
b40BxyZGW2I,0.12214635548599316,0.3024650859036322,0.575388546438952
b4x8boB2KdI,0.048365201709592416,0.33452852688995854,0.6171062695128577
b6ymEz1PmBc,0.22111581712961192,0.405723225325346,0.3731609530188143
bAdofdKHMng,0.28872067332056095,0.33837886967442254,0.372900467408313
bBb07g0oXxk,0.052506142412312294,0.20264012351011232,0.7448537405580282
bC0HdcIYbs4,0.1858130624251706,0.39722137137626606,0.41696555566574844
bG2N4a0ir3A,0.1022583606743043,0.2450999446333416,0.6526416995592655
bNVOBNPGVCo,0.24611070314198785,0.3749579723705263,0.3789313250767707
ba34-tiuGw0,0.05595300395295697,0.2071989678185094,0.7368480197407983
bc8Okr4cgL4,0.16574967563182352,0.33819370440417723,0.4960566203921072
bckifBIPlHI,0.11543933373382859,0.35387970452361245,0.530680971001001
beYu7lZbBXk,0.11493487035234767,0.3369162206848462,0.5481488704681396
bpJlDaOzwXE,0.23779188426477563,0.4144874103899513,0.34772070119423526
bqTK7cyER3A,0.12187209228674567,0.5139931738376617,0.3641347289085388
bqlNSt19F9o,0.2205880272256977,0.3679719454170588,0.41144002858987627
btmeie5A4yE,0.13004659962517995,0.3252611504151271,0.5446922510432509
bveoY3-MjFM,0.15362003221012208,0.3266154381939593,0.519764530198539
bxzcNeAoB5g,0.2196343483935509,0.18477698660322592,0.5955886668924775
c0TcGjzKbag,0.3671450194437056,0.3512359043955803,0.28161908887326714
c9FdYmJWMDg,0.1388461985267125,0.3423981066220082,0.5187557046659864
cAcj-c08nNQ,0.01083924039267,0.21613088063895694,0.7730298638343811
cBPF9f6tPzs,0.29653015925852844,0.4132807418659014,0.2901891005876842
cOlnSSi2SEY,0.1426843213867797,0.3478969314203419,0.509418745331444
cQhSOb7Jyvg,0.11472089367453005,0.2915276123777679,0.5937515004821445
cRPBp2tRxFY,0.14529924419042012,0.31026335984614545,0.5444373932539248
cShtHM7cFR0,0.2035710141062736,0.49625658988952637,0.3001724183559418
cXKtgAmIziU,0.19215224160785402,0.19438374058946084,0.6134640349362812
cae3ichfSE4,0.30277954627559384,0.3758726973695109,0.3213477537520155
cgfx2mLSI-A,0.19996579636174894,0.37186679578362364,0.42816740455917823
cgxFsCD4Vug,0.4294916689395904,0.4227009117603302,0.1478073894977569
chwFYURKmIY,0.12924079644787856,0.3900425492932922,0.48071665728562757
cy9b2v8Rhvs,0.17691674927735454,0.3507359860383946,0.4723472655750811
d2LRKdsQttE,0.0140958679839968,0.5315693467855453,0.4543348029255867
dKrUehjd7I8,0.15570536509211005,0.246013775906142,0.598280843018609
dMObcjEI50w,0.459871869534254,0.17929525673389435,0.36083286441862583
dNEp_AsMkHQ,0.07955469314575839,0.3566092453573061,0.5638360585207525
dQmYR90xSxw,0.0424442524090409,0.2619398385286331,0.6956158578395844
dTYDnz5jD1g,0.090629340473762,0.37041230739227365,0.5389583370249186
dboPZUcTAW4,0.12175964235117835,0.3798534121484526,0.4983869495411073
ddTV12hErTc,0.28907799799866873,0.36097926130661595,0.34994273819029326
den4CH1f6Kw,0.09401261902946444,0.30028978557813735,0.6056976020336151
dsjPJDOEi4c,0.06812572439845933,0.15660254184443215,0.7752717294945166
dtd-USDI-FA,0.1369679058746745,0.3329439683713846,0.5300881302812033
dtp6b76pMak,0.10321971048756187,0.39468619813521705,0.5020940906057755
dydazik2gsg,0.25213455878198143,0.3133033688366413,0.43456207087263465
e-4RlKcinzc,0.34632961177267135,0.315225573554635,0.338444823557511
e6GFbegm5Uw,0.1070041132625192,0.28368984462450375,0.6093060362922109
e6fcddX1GFQ,0.06491515961741759,0.31327235787397334,0.6218124883515495
eEhe-DujbmM,0.2150861099362373,0.2744592614471912,0.5104546509683132
eJX-SJx-kQo,0.15719814135116478,0.4423920730394976,0.40040978062010946
eKVTFXQPAhs,0.07034577752411775,0.2985002445470955,0.6311539833071745
eNqw7eVgG5s,0.06799543552499791,0.3274401776226504,0.6045643900121961
eSucdOAIwrg,0.7591527501742045,0.20657557124892867,0.034271670583014634
eUCm4wKarpQ,0.1665998831675905,0.30351364260746366,0.529886483732197
eXZ1PG2KMfs,0.0938244722705955,0.3085426812370618,0.5976328551148374
eemYfA2ngyI,0.27354065328836435,0.5166044533252716,0.20985486358404154
em0Go35C6fk,0.1496345251798629,0.6128440499305725,0.2375214844942093
eoInGDRVkYc,0.23126987220698603,0.380853666340126,0.3878764587379783
esQLFQugzmI,0.2868466556828934,0.3414689400233328,0.3716844129376113
etP2Th9g2hM,0.13113769098978348,0.3407610497540898,0.5281012397673395
ety0tL9RIRM,0.20527124580985398,0.3906071847304702,0.4041215730831027
euYR3Kxlvhk,0.1640164062546025,0.31545763336602717,0.5205259619941635
f-nV6DHVgLo,0.10647133759715974,0.24780900009414725,0.6457196433809312
fBcaPyoq5xo,0.3806136852880526,0.33786137531408006,0.28152495032797253
fGB7eMnWdxY,0.15800183132711434,0.24370894214558983,0.5982892267826584
fGXdUp9rfHo,0.24928033373908698,0.3967086680776436,0.3540109957903925
fKhKlypvtws,0.23439044498509778,0.3948193205630077,0.3707902404096196
fgm5uZaS3-E,0.1748885226705552,0.44650125233946664,0.3786102280412849
fpayOqZNWUo,0.23041333264732,0.24830414087552088,0.52128252328333
frUGYJvJnZk,0.17155592516064638,0.4019021838903427,0.42654186487197876
fyai_kUYhLs,0.19635981085292736,0.44502315798710135,0.3586170310154557
g1meziEMdsk,0.20983910357410254,0.43886626918207516,0.35129462859847327
g6HYrNzOqTY,0.1562218474712045,0.30480222916230554,0.5389759199072918
gIMOtNzjHL4,0.4387907059266208,0.3401037809940484,0.22110551557479757
gWF342u6joo,0.12283738498323749,0.27171433885814616,0.6054482656375816
gYFZ4HYTsZI,0.3328812723500757,0.2947028025777803,0.37241592242692906
gape0TpU3I4,0.1645901842741295,0.36898040771484375,0.46642941422760487
gdlhTafZqqI,0.44511345011414954,0.0675631649792194,0.4873233553953469
gkYfm8G7lSc,0.012543131597340051,0.1233495362102985,0.8641073405742645
gxc5kvzoddE,0.024828411522321344,0.15772992011625317,0.8174416683614254
gzPULczlCv8,0.1639882156418429,0.256531289157768,0.5794805165173279
h01t5STfpbU,0.13386020258069034,0.3462255284935236,0.5199142584204673
h3BKjZMGoIw,0.09448280452710127,0.3738792068932367,0.5316379847733871
h5dsmj8LPNk,0.290650980202091,0.4011457461415161,0.3082032795088531
hGYS-NCNon0,0.2689645340045293,0.45579081773757935,0.27524467806021374
hL_yJzNa8ls,0.13050554249376214,0.29707556408136443,0.5724188905764134
hNrr0aJgxig,0.12152999013319214,0.3496902022314699,0.5287798054663366
hOi8s2wkX4A,0.1304788778569283,0.3273774618282914,0.5421436672498073
hVPypI1_Img,0.27014554698804494,0.3952060663386395,0.33464838584002693
hZL_qri7x5w,0.3109315672370392,0.3811013893863882,0.3079670448888497
h__CZPg-ABE,0.2745263851154966,0.4076310629284833,0.3178425493596337
haDjmBT9tu4,0.12418189586307371,0.3081280261707993,0.5676900868614515
hdG4vuTAE3Q,0.27910475133447554,0.40537484198988927,0.31552040398118375
helyO25gj_k,0.18643247101293953,0.2554018225763803,0.5581656930887181
htHmkfCMWQc,0.13293012643784832,0.28475516151498864,0.5823147084425997
hzViFotB-nM,0.2767858426674021,0.4253717619208021,0.2978423979499702
i9TJWsuzBLU,0.21715341995541862,0.38570558494673324,0.3971410021902277
iAJ-J1R7juY,0.21550935692253653,0.39027044975331854,0.3942201834038964
iAMIqJ7EJ1g,0.42261166373888653,0.4130967954794565,0.1642915196716785
iGBDn1xMmfM,0.14843169350448682,0.3356373889061312,0.5159309088873366
iGYpj2gFu9Q,0.1887616740118357,0.32252423846650685,0.488714086157935
iQr1EZ3rLOM,0.18457766102094733,0.39746385493448805,0.4179584783102785
iR9zBsKELVs,0.12402896328336173,0.3590783800053246,0.5168926527394968
iTANpz0_wAc,0.20415508692506054,0.40516627579927444,0.39067864446932893
iZW-5gpCC_Q,0.2210929311279739,0.360473190301231,0.4184338780386107
inpC2BDMINY,0.20262177345221452,0.3847686489639075,0.4126095754782791
ioHSADHA-Go,0.1967787556350231,0.6027204990386963,0.20050074160099024
ivRL-fs3RQo,0.248199617835404,0.3126718118016062,0.43912857619981316
j2S31JPMWMY,0.0397744713191059,0.2992719359463081,0.6609535976313055
j4M47qLTeJ4,0.05852147063997104,0.23046463485807175,0.7110138967633247
j8IYsQ6QVp8,0.11753610547874929,0.3965711337716683,0.4858927694351777
jGMunhTa7Z8,0.13731212282343014,0.36485670182493424,0.4978311785286473
jGpdK_dxtlA,0.06182492544493548,0.28117529353634874,0.6569997837597673
jKcHOJDwm9A,0.05374277849785151,0.25473707599772344,0.691520149509112
jNm2g4Tkf3E,0.27043697539096073,0.4723536062364777,0.25720940749678345
jOmbsr5J69U,0.19734517687798606,0.3616999666250887,0.4409548607433126
jPgSPZEbNRI,0.3707629991695285,0.13872221671044824,0.490514762699604
jU-N9Mc6wuA,0.19217810518669215,0.383621760559353,0.4242001375691457
jWYjA83DNSw,0.04701618182783321,0.16132277719400545,0.7916610334758405
jYlNEZPntqM,0.24932799677087644,0.3422914329614188,0.4083805677757875
jaimgigL19U,0.1224317407031776,0.2804840120176474,0.5970842401341846
jnsVGAgHEM8,0.22047764117665147,0.5129048171288827,0.2666175488163443
jocoOcvKN3k,0.018081344043215066,0.32767087717850996,0.6542478054761887
juOugTO1EzU,0.24723586692410865,0.43829507892768754,0.3144690523617992
k3jDxPXZuPE,0.33501324995251536,0.4249313316223296,0.24005543211983005
k9W9BTMJjYk,0.20485631616688083,0.3609057849175052,0.4342379024938533
kI_Y231zwoU,0.1334973681390423,0.3174674047364129,0.5490352428621716
kNTLYY-8wUE,0.11546964192977888,0.16120714758737725,0.7233232128648803
kaf3pdJ_Cow,0.25592541135847563,0.4397588811422649,0.304315708185497
kiXSswB45kY,0.1340461372323757,0.33287209479815577,0.5330817654559558
kj1FTg5M5w0,0.11182907911236667,0.3781900692950277,0.5099808452103067
kjgx4-gxdwo,0.23144553342717697,0.2303583145008555,0.538196143694222
kjn79Cs5Hco,0.2583689644533608,0.37267570846847126,0.3689553374557623
kkX8_nbBqBQ,0.08559758422896263,0.3921334621310234,0.5222689619660378
kq39g2vSsKo,0.2144167236484853,0.3492533659030284,0.4363299127934234
kqcphMpZ4sU,0.20882007637831926,0.361314692406048,0.42986523777503394
kzVS2Z_ZP_g,0.188044295729404,0.35622694910991753,0.4557287505872193
l-EPqdkaejU,0.22005341079784554,0.35805902210995555,0.421887586126104
l0srD6aQelQ,0.15012349534398786,0.4608917161822319,0.38898478482257237
l3_nECzo_EA,0.009052383108064459,0.19191730916500088,0.7990303218364716
lDPsnV82YmA,0.03661694460121599,0.1815053090297927,0.78187774370114
lHIWMmVoA44,0.15588530274995024,0.3882965630009061,0.4558181209223611
lW7Mxj8KUJE,0.2580221987498754,0.4297272698445754,0.31225052577528084
lWlD8xnHfi0,0.061695497688453824,0.29036318866864724,0.6479413075482144
lczKh7EdcAA,0.4157607505718867,0.5223387181758881,0.061900484065214735
lj4iXGpleh0,0.1094186156988143,0.389697402715683,0.5008839964866638
lkbBeXth1Fo,0.18628657461144027,0.29693702258169646,0.516776400282979
lsvZdADkM5U,0.20815548340461268,0.38143962683777016,0.410404880111124
m7WYT2bgTlo,0.2323354119895763,0.35501674896416563,0.41264783051641035
mFYfAQPcMRU,0.2286562512644791,0.4000103721694871,0.3713333797400239
mGv4wOpo8R0,0.5768383741378784,0.3637589365243912,0.05940273404121395
mk1h-ku4GhY,0.12213800111875078,0.29385209481160224,0.5840098935251052
mw2oDtcvYy8,0.23590047455232463,0.407291819668207,0.35680770509815235
n2MuwWgKZ7Q,0.3163259657255063,0.45336820806066197,0.23030582466162738
n2T6L9ToVwk,0.1125311497598886,0.34432316571474075,0.5431457012891769
n3XTZde8ZvQ,0.26868154257277227,0.3754579116486841,0.35586054077268475
n4WDRyrzVmw,0.3113256891484598,0.3494893949277497,0.3391849271751739
n7lM36yFh2Y,0.03267365246332091,0.3070776452077552,0.6602487194662293
nGIpdiQrFDU,0.3297469799872488,0.4231930140938078,0.24705999959925454
nIl_NTGJQGU,0.23142005603760477,0.46549927815794945,0.3030806727707386
nK9zxuXa3OA,0.15488666326273226,0.22636626757681366,0.6187470644712448
nR5NCT_tCMc,0.1876200618377576,0.3379362410244842,0.4744437010958791
nSLBvAOlhKc,0.13003711183365355,0.2745032453795476,0.5954596420788035
nTJZ0dkAkeU,0.16874213631010868,0.31634307872842654,0.5149148052388971
nZlhI-L_Egk,0.21504002481898557,0.2362834284348147,0.5486765449334469
neIYdLysqlk,0.10093496189801951,0.2830271765124052,0.6160378514655999
nfYzxkDK6Hs,0.05451991438998703,0.20210502722433632,0.7433750666677952
nifUnSk21-w,0.2875456681164602,0.24822469055652616,0.46422962471842766
nywTR_83ZWs,0.16691689645543828,0.3821233083252554,0.4509597986384674
o7m-vmVejUM,0.23446937565817136,0.25421403223075545,0.5113165955990553
o9AxTxHDW3U,0.24038269660067282,0.41656394095587557,0.3430533575840661
oHmJg8MfyHU,0.13493677078782074,0.32835966845831044,0.5367035649716854
oJ5fFph0AEM,0.23562785576796155,0.4821649117395282,0.2822072282433509
oP7pz-ft_iM,0.08231990472824473,0.2913654373191735,0.6263146549463272
oQLUZ78LlCE,0.2701721121557057,0.24390590935945505,0.4859219752252102
o_-5wmM071o,0.27094261121453234,0.2894271704609747,0.439630214607826
obzwqMm7wk8,0.39554200569788617,0.48073110977808636,0.1237268472711245
ohtTai7AiN8,0.3855385522795271,0.35095448396643814,0.2635069762556148
oreZytDYoEU,0.33059035509359086,0.32451788110968965,0.34489176456312026
os-jXiYRihI,0.3137145351385698,0.43251425875350835,0.2537712097750045
otazdueai0M,0.2875967939746462,0.3468217895262771,0.3655814151020927
p9Qazw9cVZY,0.19322637076256793,0.30030325247595707,0.5064703682127099
pF-1W-JxXSc,0.30151299129388764,0.3800953804612434,0.3183916310616911
pKQYWVrtVjw,0.28113522504041155,0.42371228954383755,0.2951524875897833
pMX2cQdPubk,0.056980455164901044,0.32331890724944296,0.619700623607194
pM_BiNQPKYk,0.19426466134609652,0.41697027813643217,0.3887650612741709
pUTiVSEC1o4,0.08457881357753645,0.289247154989945,0.6261740289628506
pYE2uWHEYa8,0.10036647721814608,0.2678012677157918,0.6318322661643226
phpyh8bsTVk,0.046008028769715374,0.2669347598547897,0.687057206707616
pirVZAcL1rs,0.17233978124225838,0.37180475978290334,0.45585546270012856
psU87jDC3Ws,0.3104107077305638,0.36892603694553106,0.3206632546700117
pvCM7XXqVc8,0.18898538427184453,0.31103475408061687,0.4999798653728288
q2s_C-nwEEk,0.12648753712086802,0.36390623386417115,0.5096062314297471
q45jxjne3BU,0.15700338037324044,0.3751021640435342,0.4678944531948336
q7n6D-8C4IY,0.20261974114476253,0.3268636940392079,0.4705165737584509
qExcc92zHfo,0.13516820212438077,0.3618691329223414,0.5029626476267973
qbu8hN4Qv00,0.012866214616224133,0.4194634035229683,0.5676703602075577
qcH2wgRLiV8,0.1352311223141711,0.33705720333037553,0.5277116607736658
qhlPFNpwpoo,0.7186722755432129,0.2586417198181152,0.0226860083639621
qjrWHozUdIE,0.21725865080952642,0.370377145067323,0.4123642049380578
qkYoBNdcXBU,0.09276470728964803,0.2453474854954924,0.6618878011926054
qs-sYNsqPYA,0.27232682889462817,0.39109157621915774,0.3365815920798102
qthqnD65P_0,0.23654470030247926,0.35411613529533265,0.40933916735876763
r22tyT77vOw,0.19974748858173064,0.39407827813799184,0.40617423147584003
r9IBOOyXP0Q,0.08571588280610735,0.1762939533218741,0.7379901619628072
rIQlOYS5V-I,0.25452485900385285,0.386665988915398,0.35880915101510114
rSx0WZfDbE0,0.1962409573484604,0.25547105515081625,0.54828798422884
rj-db6BAEg8,0.22281459900033138,0.32636170435903794,0.4508236947779854
rjozb9BiiCg,0.1592298756295349,0.3342054905369878,0.5065646424889565
rk2XM5o9uRs,0.12504446564707902,0.25988742041712004,0.6150681242967645
rtOT9ueliRs,0.2757836047559976,0.34463864207267764,0.3795777542516589
s1fxZ-VWs2U,0.17638806160493734,0.5529681470391212,0.27064378832046887
s2nVwrJMSUQ,0.26868865342591614,0.41413258973728206,0.3171787563141655
s3M6O9aXhSw,0.07470910197298503,0.2916687360266223,0.6336221587844193
sB1XQYDbzOE,0.17333324431013813,0.3744643759485838,0.4522023940005818
sDIi95CqTiM,0.17166542765848775,0.4008189132984947,0.4275156559751314
sJCtMfKbsv8,0.23522208398208017,0.3276458396576345,0.43713209504494444
sUVKYx5RTrs,0.17325321655531237,0.3747353962440771,0.4520113848936392
sZcoV9Zuj5A,0.27176846714573905,0.32745456794897715,0.4007769609025369
sbZla1dib-8,0.16099419910460708,0.2866166591023405,0.552389157935977
sdgwHXt2wAk,0.2424804197092141,0.3235043331625916,0.43401525953474146
seoaDLWuHtU,0.20632989054623366,0.30405357774967945,0.4896165189954142
shDtJw5doco,0.2497609353449661,0.34233739448245615,0.40790166255707544
swx8m5o5Hb8,0.35025373846292496,0.4848647862672806,0.16488149948418135
t52UW5bXkbs,0.3845939331388633,0.33215403210903915,0.28325204468066134
t78p50s32HY,0.13320332367793983,0.3276239907274307,0.5391726858156213
tC5DLrR84oE,0.08098106769224003,0.48135296752055484,0.4376659840345382
tE89COeFw7I,0.2274883175312699,0.31680546342483107,0.45570622364779545
tHS3qxU_3RE,0.039527113534859326,0.16199872676017027,0.7984741641474622
tLhfuc_KCpM,0.06696252985720463,0.29072490915217813,0.6423125525607782
tN-arR2UoRk,0.2800382449148366,0.4132209043376721,0.3067408558697654
tVUiDy79x7o,0.282289574732599,0.3766384251091791,0.34107201206295384
tXSepB4Lv5E,0.19209986619994432,0.35703243099545173,0.4508677044589269
tYEJk8Il0-U,0.17859017375546193,0.4402084613425864,0.38120136203037364
tYJWcs-qnAc,0.15251705289722,0.3849569053613934,0.4625260406013193
tYUC_Ni3lb4,0.17322588908364586,0.3885642249623071,0.4382098732597154
u4LFDPbbSVk,0.1433690122394182,0.3804804385872558,0.47615054599009454
uBQMVE1v-G4,0.19903205211965305,0.4353036452685633,0.36566430540575134
uSGVk2KVokQ,0.4026954689821324,0.34057832088990087,0.25672621054885286
uUkEbcVU9eM,0.20379640613956485,0.35711462560164575,0.43908898603609375
uWH2rHYNj3c,0.19392296956742505,0.2883613153415568,0.5177157048464698
ugylzLbYG_o,0.16301138432696458,0.34788821414113047,0.48910040020942686
uj_JOPlafBs,0.07870638624299313,0.24863875769078728,0.67265485227108
uw9d2ZKYdHM,0.307196362443607,0.3855213764038953,0.30728226468305697
uxsTpMXzEU0,0.07617739510169481,0.2388975158683024,0.6849250893574208
uy9Vezm-ah4,0.02280079945921895,0.2739347890019416,0.7032644152641296
v3JULO-C70U,0.18488160090520975,0.3209207271039486,0.4941976744309068
v4aRTDcFSyI,0.1680486794716368,0.23879144353171186,0.5931598765775561
vIJgc-5bOkw,0.10111194946940108,0.2551504850168438,0.6437375712044099
vJEbP2Vdq2U,0.16192679519405245,0.27972108921544114,0.5583521285178986
vSIbvJB4WdI,0.08721627688378483,0.27855547213632803,0.6342282629522838
vddu2jmfVbI,0.1401018391101388,0.3114595456980168,0.5484386179596186
vfUfSwwhjeg,0.08915163410827515,0.2902616564929485,0.6205867020785809
vp5i0jQggK4,0.21922755608550054,0.26686138745683885,0.5139110619918659
vqMYnvkgqG0,0.16467763875361255,0.34659131634526136,0.48873103596270084
vtU7PFo32h8,0.10640244941565796,0.4013937015763738,0.4922038509764455
vvTXg-2RJLk,0.19954444111014402,0.3642857494453589,0.4361698027700186
w5h_1Buf54I,0.16187377307020745,0.33677246623362106,0.5013537591633698
w8i_2YcNUC0,0.34195364147593127,0.3812721342086158,0.2767742184079946
wNDFvXgdXxs,0.2307280866767872,0.20734983394769102,0.5619220818943259
wN_nxNvs1J0,0.01883470290340475,0.3253497630357742,0.6558155417442322
wNpIoenSgo8,0.1441634621378034,0.28215270847082136,0.5736838191747665
wTuOasmssE0,0.15584584466163431,0.3711751199090013,0.4729790246369792
wVYG1mu8Lg8,0.36981995521013494,0.4023223758808204,0.22785767276738103
whz_uXY2xFw,0.34139484713507934,0.2726576319955131,0.38594752717565034
wrGPUddQ-0w,0.00849924073554575,0.11972066201269625,0.8717800974845886
wumluVRmxyA,0.22260645205493673,0.45556914433836937,0.3218243989289145
x7M-FAV9-2Q,0.623754546046257,0.31822853162884707,0.0580169153399765
xCPp-cu_BdI,0.07221201440552245,0.1735191578045487,0.7542688348330557
xF-R2EV3JiE,0.12200701609253879,0.4574066499869029,0.4205863376458486
xIspwYlRuts,0.18183412357965215,0.24231035019537164,0.575855525676161
xKT6WiI6H7E,0.15385241632896432,0.27616066145508184,0.5699869213706773
xNv2EOc6ma0,0.375324835707606,0.24122918107443383,0.383445974232422
xTT_vpF-ogk,0.0101828910410404,0.0958122462034225,0.8940048813819885
xayoYq5bfaM,0.28457975140414554,0.37301995204045224,0.34240029680614287
xfN0ra9kDDk,0.16222343538158934,0.2927549816668033,0.5450215840145297
xiJMjTnlxg4,0.5958534379800161,0.3394888254503409,0.06465774914249774
xwTub7_we0w,0.2567120702741177,0.3371830888484654,0.4061048427155535
y-ZfIxa6dhY,0.11126103345304723,0.3203103559334641,0.5684286142173021
y6pS85xp4-4,0.22358359396457672,0.41467049717903137,0.3617458939552307
y7k5TsmAtRY,0.15039915964007375,0.3950462192296982,0.45455460250377655
yDdN5a6FO-0,0.2769855484366417,0.46407391130924225,0.2589405439794063
yHY8qsnQCdI,0.33548297899376067,0.38617295186434475,0.27834407266761574
yIsoP1RiGnI,0.2597907124125906,0.3639837827088186,0.3762255065487942
yJkRd9py5mA,0.3319630800889661,0.37591688764783054,0.2921200208007716
yLy3ygqA5yg,0.23446863440468027,0.37639444759663415,0.38913691908522857
yPOIk9BCKR0,0.3245740103671645,0.2640991551210967,0.4113268350228304
ySA7QK5d5dU,0.16826676423079331,0.3395597687922418,0.4921734668314457
yWBzsBaU-Os,0.16657331020623029,0.32937366225653225,0.5040530328535371
yeK6hWmNkXA,0.0029529484454542,0.0215422846376895,0.9755046963691713
yhtJbq_C0V4,0.29863516181888083,0.3938080883765621,0.30755674865082905
z19HM7ANZlo,0.08055203405978234,0.23212885395016356,0.6873191288955833
z1utOLXNCm8,0.15815846633077374,0.32472012138792444,0.5171214267611504
zFMTJm3vmh0,0.23815500570515932,0.26360517701901054,0.49823981712517496
zOLVvzig8-s,0.1643516641731063,0.3443887233734131,0.491259624560674
zY7_Pb9URgg,0.18678602038084394,0.3610828188381025,0.4521311671606132
zijUjJdegI8,0.029645814152900074,0.33808760065585375,0.6322665823002657
zu4fYpQHsIE,0.13294989243149755,0.5188569128513336,0.3481932133436203
zyPZuqkLaTc,0.652725784277374,0.2614354426041245,0.08583878419912332
zyUqg2FBO-I,0.14808405292416477,0.291832063641203,0.5600838799421725
